movie_id,title,content_type,rating
0001,Dragon Legend,Stand-up Comedy,TV-Y
0002,Storm Warrior,Stand-up Comedy,PG
0003,Fire Family,Movie,TV-MA
0004,Our Princess,Documentary,NC-17
0005,Warrior Mission,Documentary,TV-G
0006,Kingdom Phoenix,Movie,PG-13
0007,Battle Story,TV Series,TV-Y7
0008,Old House,Movie,TV-Y
0009,Dragon Empire,Movie,PG
0010,Dream War,Limited Series,TV-Y
0011,Day Dream,Movie,R
0012,Bright War,Movie,G
0013,Dream Journey,Movie,PG
0014,Little War,Movie,TV-14
0015,Hero Empire,Movie,TV-G
0016,Last Dream,TV Series,PG-13
0017,Kingdom Battle,Stand-up Comedy,NC-17
0018,Princess Phoenix,Movie,PG
0019,An Legend,Limited Series,TV-PG
0020,An Mystery,TV Series,PG-13
0021,Family Love,Limited Series,TV-PG
0022,First Mystery,Movie,TV-PG
0023,Mystery Night,TV Series,TV-MA
0024,Fire Mystery,Movie,TV-Y7
0025,Quest Queen,Movie,PG
0026,Last Love,TV Series,PG
0027,House House,Stand-up Comedy,PG-13
0028,Legend Hero,Stand-up Comedy,PG
0029,Dark Princess,Movie,PG
0030,Dragon King,Movie,G
0031,Warrior War,Movie,TV-Y7
0032,House Hero,TV Series,TV-Y7
0033,Mystery City,Movie,TV-MA
0034,Mission Kingdom,TV Series,TV-PG
0035,Princess Love,TV Series,TV-PG
0036,House Legend,TV Series,PG-13
0037,Empire King,TV Series,TV-G
0038,A Empire,Movie,TV-MA
0039,Love Queen,Movie,PG-13
0040,Mystery Quest,Movie,PG-13
0041,Kingdom War,Documentary,TV-14
0042,First Hero,Movie,TV-G
0043,City Queen,Documentary,PG-13
0044,Dragon City,Stand-up Comedy,TV-G
0045,Battle Day,Documentary,PG
0046,The Dragon,TV Series,PG-13
0047,Day Journey,TV Series,PG
0048,Secret Legend,Movie,TV-14
0049,Kingdom Day,Movie,NC-17
0050,Last Quest,TV Series,TV-PG
0051,Hero Mystery,TV Series,TV-PG
0052,Hero Journey,Movie,PG-13
0053,Princess City,Documentary,TV-Y7
0054,Phoenix Journey,TV Series,TV-MA
0055,Queen Quest,Movie,G
0056,Big Princess,Movie,TV-Y
0057,Mission Dream,Movie,TV-14
0058,Day Mystery,Stand-up Comedy,R
0059,Night Secret,TV Series,TV-14
0060,Night Warrior,TV Series,PG-13
0061,Journey Night,Movie,TV-MA
0062,Phoenix Mission,Movie,TV-Y
0063,Hero Kingdom,Movie,G
0064,Last City,Documentary,TV-PG
0065,Day Queen,Movie,TV-14
0066,Adventure King,Movie,TV-14
0067,Story Mystery,TV Series,PG
0068,Secret Night,TV Series,R
0069,An Quest,TV Series,NC-17
0070,Battle City,Documentary,R
0071,Phoenix Ice,TV Series,TV-MA
0072,Storm Warrior,Limited Series,TV-14
0073,House Family,TV Series,TV-PG
0074,Dark Ice,Movie,PG
0075,War Hero,TV Series,TV-PG
0076,Empire Battle,Movie,G
0077,Our Battle,TV Series,TV-14
0078,Little War,Movie,NC-17
0079,Mission Dream,Movie,TV-G
0080,Day Queen,Movie,TV-Y
0081,Mission Fire,Movie,TV-14
0082,Bright Phoenix,Movie,TV-MA
0083,Journey Phoenix,Movie,TV-Y
0084,Night Phoenix,Movie,PG
0085,Mission Secret,Stand-up Comedy,TV-Y
0086,Big Adventure,Documentary,G
0087,Our Storm,Movie,PG-13
0088,Journey Love,TV Series,PG-13
0089,Mystery Day,Movie,TV-Y7
0090,Ice Kingdom,Documentary,TV-PG
0091,Dragon Ice,Documentary,PG-13
0092,Story Kingdom,TV Series,PG
0093,City Queen,Movie,R
0094,Dark City,Stand-up Comedy,TV-Y7
0095,Legend Storm,TV Series,TV-MA
0096,King Fire,Movie,G
0097,Secret War,Movie,TV-Y
0098,A War,Stand-up Comedy,PG-13
0099,Dragon Day,Documentary,PG
0100,Adventure Dream,Movie,TV-G
0101,King House,TV Series,TV-MA
0102,Fire War,TV Series,TV-14
0103,Family Battle,Stand-up Comedy,NC-17
0104,Mystery Mystery,Movie,TV-Y
0105,Adventure House,Movie,TV-MA
0106,Dragon Night,Documentary,NC-17
0107,Love Kingdom,Documentary,TV-MA
0108,First Phoenix,Movie,TV-G
0109,Family Story,Movie,PG-13
0110,Queen Day,Movie,NC-17
0111,Kingdom Mission,Movie,TV-Y7
0112,King Princess,TV Series,R
0113,A Quest,Movie,PG-13
0114,Journey King,TV Series,TV-PG
0115,War Dragon,Movie,NC-17
0116,Secret Story,Documentary,TV-14
0117,Little Dragon,Movie,R
0118,Hero Love,Documentary,TV-14
0119,Little Warrior,Documentary,G
0120,Last Mission,Movie,TV-Y
0121,Last Dream,Movie,G
0122,Little Queen,Movie,TV-MA
0123,Family Fire,Movie,R
0124,Bright House,TV Series,TV-Y
0125,Our Queen,Movie,PG
0126,Journey Princess,Movie,TV-MA
0127,Dragon Quest,Documentary,PG
0128,A Quest,Limited Series,NC-17
0129,Mission Fire,Stand-up Comedy,TV-Y7
0130,Last House,Movie,NC-17
0131,Story Mystery,Movie,TV-Y7
0132,Dragon War,Documentary,TV-PG
0133,Adventure Princess,Movie,R
0134,Story Night,Stand-up Comedy,PG
0135,Princess House,Movie,TV-G
0136,First House,Documentary,NC-17
0137,First Mission,Movie,TV-Y7
0138,Kingdom Fire,Movie,PG
0139,Last War,Limited Series,TV-G
0140,City Empire,Documentary,TV-14
0141,War Story,Movie,PG
0142,Battle Secret,Limited Series,TV-Y7
0143,Adventure Fire,Movie,NC-17
0144,Our Dream,TV Series,TV-14
0145,Fire Empire,TV Series,G
0146,Bright Love,Movie,PG-13
0147,Dark Love,Documentary,G
0148,War Storm,TV Series,TV-Y7
0149,The Fire,Documentary,TV-PG
0150,Story Fire,Movie,TV-14
0151,Night Love,Movie,TV-Y
0152,Fire Quest,Movie,TV-MA
0153,Phoenix Dragon,Movie,NC-17
0154,Bright Phoenix,TV Series,TV-Y
0155,Dream Battle,Movie,TV-Y7
0156,An Ice,Movie,TV-14
0157,Last Ice,Documentary,R
0158,Storm Princess,Documentary,R
0159,Battle Family,Movie,NC-17
0160,Love Journey,Movie,R
0161,Our King,Movie,TV-Y
0162,Day Fire,TV Series,TV-PG
0163,Bright War,Movie,TV-PG
0164,Quest Ice,Movie,TV-14
0165,Bright Day,Movie,G
0166,Mystery Princess,TV Series,TV-G
0167,Battle Night,TV Series,TV-MA
0168,Love Love,Movie,G
0169,Storm Day,TV Series,TV-PG
0170,Phoenix Love,Movie,R
0171,Dream Warrior,Movie,TV-14
0172,My Story,Movie,TV-Y
0173,Little Dragon,Stand-up Comedy,TV-Y
0174,City Battle,TV Series,TV-Y7
0175,Fire Day,Movie,TV-G
0176,Dream City,TV Series,TV-Y7
0177,Fire Princess,Movie,PG
0178,Our Princess,TV Series,G
0179,Battle Empire,TV Series,TV-PG
0180,Story Queen,TV Series,G
0181,Phoenix Hero,TV Series,G
0182,Mystery Adventure,Movie,TV-14
0183,House Phoenix,TV Series,G
0184,Legend House,Documentary,PG-13
0185,King Ice,Documentary,TV-G
0186,Old House,TV Series,TV-G
0187,First Journey,Documentary,TV-Y
0188,Our Hero,Movie,TV-PG
0189,Family Mission,Movie,TV-MA
0190,Princess Night,Documentary,TV-MA
0191,War Kingdom,Stand-up Comedy,G
0192,Family Queen,Movie,PG
0193,Love Story,Movie,TV-MA
0194,The Phoenix,Movie,PG
0195,New Phoenix,Limited Series,NC-17
0196,Legend Mission,Movie,TV-Y
0197,Adventure War,Documentary,TV-MA
0198,Phoenix Family,TV Series,TV-PG
0199,A Love,TV Series,TV-Y7
0200,Legend Secret,TV Series,NC-17
0201,Secret Battle,Movie,R
0202,City Empire,Stand-up Comedy,TV-14
0203,First Journey,Documentary,TV-PG
0204,My Quest,Movie,TV-14
0205,Adventure Legend,TV Series,R
0206,Big Dragon,TV Series,PG-13
0207,Family Ice,TV Series,R
0208,The Story,Movie,R
0209,King Dragon,TV Series,TV-G
0210,Princess Kingdom,Movie,TV-14
0211,Kingdom Princess,TV Series,PG-13
0212,Story King,Stand-up Comedy,TV-Y
0213,Queen House,TV Series,PG
0214,Last Dragon,Stand-up Comedy,TV-Y7
0215,City Warrior,Movie,NC-17
0216,Day City,Documentary,G
0217,Quest Secret,Movie,TV-G
0218,Journey Mission,Movie,NC-17
0219,Bright Adventure,Movie,NC-17
0220,An War,TV Series,TV-MA
0221,Empire Kingdom,Documentary,TV-PG
0222,Battle Phoenix,TV Series,TV-MA
0223,Story Phoenix,TV Series,TV-G
0224,The Princess,TV Series,R
0225,Our Family,Movie,PG-13
0226,A Dream,Stand-up Comedy,TV-MA
0227,Last Storm,Stand-up Comedy,G
0228,City Family,Movie,TV-G
0229,Last Secret,Movie,PG-13
0230,Kingdom King,Movie,TV-14
0231,Storm Quest,Limited Series,TV-Y
0232,Kingdom War,TV Series,R
0233,Storm Ice,Movie,PG
0234,An Fire,TV Series,TV-Y7
0235,Empire Story,Limited Series,G
0236,Queen Warrior,Stand-up Comedy,TV-14
0237,Legend Warrior,TV Series,PG-13
0238,Bright Journey,TV Series,PG-13
0239,Kingdom Dream,Documentary,G
0240,Last House,Movie,NC-17
0241,Dark Ice,TV Series,TV-14
0242,Mission Storm,Documentary,TV-14
0243,New Quest,Movie,TV-MA
0244,Little City,Movie,TV-G
0245,Night King,Movie,TV-Y7
0246,Empire Adventure,Documentary,NC-17
0247,Bright Princess,Documentary,TV-PG
0248,Love Storm,TV Series,TV-PG
0249,City Storm,Documentary,TV-14
0250,First Ice,Limited Series,G
0251,Queen Mystery,Limited Series,TV-G
0252,My Quest,Movie,TV-14
0253,City Queen,Documentary,TV-G
0254,Empire Mystery,TV Series,TV-14
0255,Dark Legend,Movie,R
0256,Kingdom War,Stand-up Comedy,TV-14
0257,Dragon King,Movie,PG-13
0258,Adventure Love,Movie,TV-PG
0259,Princess Warrior,Movie,TV-Y7
0260,Love Love,Stand-up Comedy,PG-13
0261,Hero Dream,Movie,G
0262,House Secret,Movie,TV-G
0263,Big Ice,Movie,TV-MA
0264,Our Queen,Movie,PG
0265,Warrior Fire,Movie,G
0266,Ice Fire,TV Series,TV-MA
0267,Our War,Stand-up Comedy,PG
0268,Quest Empire,Movie,G
0269,Secret Mystery,Documentary,PG-13
0270,Secret Ice,Movie,TV-G
0271,Our Mission,TV Series,PG-13
0272,Day Fire,Movie,TV-Y
0273,New Adventure,Stand-up Comedy,TV-Y7
0274,Story Phoenix,Stand-up Comedy,NC-17
0275,Night City,Stand-up Comedy,TV-MA
0276,Dark Storm,TV Series,TV-Y
0277,An Empire,TV Series,PG
0278,Dragon Storm,TV Series,TV-MA
0279,My Adventure,TV Series,TV-Y
0280,Legend Story,Movie,TV-14
0281,House Phoenix,Movie,PG
0282,Secret Ice,Movie,TV-Y
0283,Big Mission,Movie,TV-Y7
0284,King Dragon,Movie,TV-14
0285,Dragon Dragon,Documentary,PG
0286,First Queen,Stand-up Comedy,TV-Y7
0287,The Adventure,TV Series,TV-Y7
0288,Mystery Adventure,Stand-up Comedy,PG
0289,Love City,TV Series,NC-17
0290,Dark City,Documentary,TV-MA
0291,Princess War,Stand-up Comedy,TV-G
0292,Family Princess,Movie,G
0293,Quest Adventure,Movie,NC-17
0294,King Kingdom,Movie,TV-MA
0295,Little Dragon,TV Series,G
0296,Ice Mystery,Movie,PG
0297,Secret Mission,Documentary,NC-17
0298,City Dream,Movie,PG-13
0299,Quest Mystery,TV Series,R
0300,House War,Movie,NC-17
0301,Fire Battle,Movie,TV-Y7
0302,Bright Battle,Movie,TV-MA
0303,Quest Princess,Movie,TV-Y
0304,Dragon Warrior,Movie,NC-17
0305,Legend House,Movie,TV-MA
0306,Warrior House,TV Series,G
0307,Dark Ice,Stand-up Comedy,TV-Y
0308,Old Dragon,Documentary,PG-13
0309,War Legend,Movie,TV-PG
0310,Legend Ice,Limited Series,R
0311,War Empire,Stand-up Comedy,TV-MA
0312,King Legend,TV Series,PG
0313,Quest Love,TV Series,NC-17
0314,Adventure Princess,Movie,PG
0315,Big Hero,Stand-up Comedy,R
0316,Mystery Kingdom,Movie,NC-17
0317,Mystery Love,Movie,TV-Y
0318,Mission Day,Movie,TV-Y
0319,My Journey,Movie,TV-Y7
0320,Fire Queen,Movie,R
0321,First Family,Stand-up Comedy,TV-MA
0322,Day Night,Movie,PG
0323,Little City,Movie,NC-17
0324,Phoenix Dragon,Documentary,PG
0325,Dream Family,Stand-up Comedy,TV-14
0326,Our Queen,Movie,TV-MA
0327,The Storm,TV Series,G
0328,Mystery Day,Documentary,TV-Y7
0329,Battle Phoenix,Stand-up Comedy,TV-Y7
0330,Legend King,Documentary,PG
0331,A Quest,TV Series,PG
0332,Queen Dream,Stand-up Comedy,TV-Y7
0333,The Dream,Movie,TV-14
0334,Story Warrior,Limited Series,TV-14
0335,Quest Mission,TV Series,TV-14
0336,Queen Warrior,Movie,G
0337,Storm Dream,TV Series,TV-Y7
0338,Old Mission,Movie,NC-17
0339,Big Empire,Movie,PG-13
0340,Mission Quest,Movie,TV-Y
0341,Battle Ice,TV Series,NC-17
0342,Adventure Story,Movie,TV-Y7
0343,Legend Mission,Movie,PG-13
0344,Mystery Fire,Movie,PG
0345,Dark Secret,TV Series,NC-17
0346,House City,TV Series,TV-PG
0347,Story Warrior,TV Series,NC-17
0348,Quest Adventure,TV Series,TV-PG
0349,Fire King,Documentary,PG
0350,Dragon Hero,Movie,G
0351,Family Story,TV Series,TV-Y
0352,New Kingdom,Documentary,TV-Y
0353,Quest Hero,Limited Series,NC-17
0354,New Adventure,Documentary,G
0355,Dream Dream,Limited Series,R
0356,Love Empire,TV Series,TV-PG
0357,Our Queen,Movie,TV-Y
0358,Legend Secret,TV Series,TV-MA
0359,Quest Hero,Movie,TV-14
0360,Fire Night,TV Series,TV-14
0361,War Adventure,Movie,TV-MA
0362,Bright Phoenix,Documentary,TV-Y
0363,Night Secret,Movie,PG
0364,Princess House,Movie,TV-Y7
0365,First Quest,TV Series,NC-17
0366,War Dragon,Limited Series,TV-14
0367,Storm Secret,Movie,TV-MA
0368,The Empire,Movie,TV-PG
0369,Big Ice,Documentary,TV-Y
0370,Princess Quest,Movie,PG-13
0371,King Love,TV Series,TV-PG
0372,Love Fire,Movie,TV-Y7
0373,Queen Journey,TV Series,TV-MA
0374,The Story,Movie,TV-14
0375,Last Kingdom,Movie,TV-Y7
0376,City Legend,Movie,TV-PG
0377,Ice Journey,Movie,NC-17
0378,Quest Family,Stand-up Comedy,TV-PG
0379,Our Battle,TV Series,TV-G
0380,House Dragon,Stand-up Comedy,PG-13
0381,Dragon Princess,Movie,TV-G
0382,Love Empire,Documentary,TV-G
0383,Day City,TV Series,G
0384,Night Adventure,Stand-up Comedy,G
0385,Little Journey,Documentary,TV-Y7
0386,Hero Hero,Stand-up Comedy,PG
0387,Night King,Movie,TV-14
0388,An Mission,Documentary,TV-G
0389,Last Mission,Movie,TV-14
0390,Old Night,Movie,TV-Y7
0391,Night Night,Stand-up Comedy,TV-PG
0392,Hero City,TV Series,PG-13
0393,A Storm,Stand-up Comedy,TV-MA
0394,Dark Kingdom,TV Series,R
0395,Princess Queen,Stand-up Comedy,NC-17
0396,Storm Night,Movie,PG-13
0397,Legend Adventure,Stand-up Comedy,G
0398,Hero Story,Movie,R
0399,Our Ice,Documentary,TV-Y7
0400,Night Queen,Movie,TV-MA
0401,Queen War,Movie,TV-Y
0402,Fire Dream,Stand-up Comedy,NC-17
0403,Legend Legend,Movie,R
0404,Family Story,TV Series,TV-14
0405,Old Ice,Documentary,R
0406,Mystery Empire,Movie,G
0407,Phoenix Adventure,Stand-up Comedy,TV-PG
0408,Adventure Love,Stand-up Comedy,R
0409,Mystery Storm,Documentary,TV-14
0410,Last Battle,Movie,TV-14
0411,Dream Dream,Movie,TV-Y
0412,Princess Adventure,Limited Series,TV-G
0413,Legend Day,Movie,TV-Y
0414,Adventure Queen,TV Series,G
0415,Last Quest,Documentary,PG-13
0416,A Mystery,Stand-up Comedy,R
0417,Dragon Day,Documentary,PG-13
0418,Big Story,Movie,TV-14
0419,New Fire,TV Series,TV-14
0420,War Hero,Stand-up Comedy,PG
0421,Legend Love,Documentary,PG
0422,City Night,TV Series,PG-13
0423,Our Night,Movie,TV-PG
0424,Battle Secret,Documentary,TV-Y7
0425,Storm Kingdom,TV Series,NC-17
0426,Warrior King,Movie,PG
0427,A King,Movie,PG-13
0428,Empire King,Movie,TV-Y7
0429,Kingdom City,TV Series,NC-17
0430,Dragon Princess,Movie,TV-Y
0431,A Adventure,Movie,R
0432,Love Journey,Limited Series,R
0433,Our City,Movie,TV-MA
0434,Princess Battle,Movie,TV-Y
0435,Mission Phoenix,Documentary,TV-PG
0436,Story City,Documentary,NC-17
0437,Ice Secret,Movie,TV-PG
0438,Mission Fire,TV Series,NC-17
0439,Little Kingdom,Movie,TV-Y
0440,Love War,Movie,TV-G
0441,Day Legend,TV Series,TV-G
0442,Dragon Storm,Stand-up Comedy,G
0443,Battle Legend,Movie,R
0444,Dragon Mystery,TV Series,TV-Y
0445,Secret Family,Movie,TV-Y7
0446,Queen Mission,TV Series,PG
0447,House Night,Stand-up Comedy,G
0448,Story Hero,Movie,TV-MA
0449,Night House,TV Series,TV-Y7
0450,A Quest,Stand-up Comedy,NC-17
0451,Family Legend,Movie,TV-MA
0452,Family Secret,Limited Series,TV-Y7
0453,Princess Dream,Movie,TV-MA
0454,Princess Queen,Movie,NC-17
0455,Journey Quest,Movie,PG-13
0456,Ice Legend,Movie,PG-13
0457,The Day,TV Series,G
0458,Secret Hero,TV Series,R
0459,Ice Phoenix,Movie,TV-MA
0460,Family Journey,TV Series,TV-14
0461,King Queen,Stand-up Comedy,TV-PG
0462,Last Kingdom,TV Series,TV-PG
0463,Phoenix Day,TV Series,TV-14
0464,Old House,Limited Series,TV-Y
0465,Battle Fire,Documentary,R
0466,Ice Secret,Movie,G
0467,City Fire,Documentary,NC-17
0468,King Phoenix,TV Series,TV-Y7
0469,Hero Empire,Documentary,TV-Y
0470,Mystery House,Documentary,TV-Y
0471,Our Journey,TV Series,G
0472,Quest House,Movie,TV-MA
0473,Journey House,Movie,NC-17
0474,Family Quest,TV Series,TV-Y7
0475,A Secret,Movie,PG
0476,Bright Storm,Limited Series,TV-G
0477,Dragon War,TV Series,NC-17
0478,House Storm,Movie,NC-17
0479,Little House,TV Series,PG-13
0480,Princess Secret,Movie,TV-G
0481,Ice Story,Movie,TV-Y7
0482,Love Battle,TV Series,TV-PG
0483,War Journey,Movie,R
0484,Secret King,Movie,TV-MA
0485,Bright Queen,Movie,NC-17
0486,Story Warrior,Movie,TV-14
0487,Mystery Secret,Documentary,TV-Y7
0488,My Mystery,Movie,NC-17
0489,New Dream,Movie,NC-17
0490,A Storm,Documentary,TV-Y
0491,New Warrior,Documentary,PG
0492,Battle Love,TV Series,NC-17
0493,Story Fire,Stand-up Comedy,TV-PG
0494,Last Day,TV Series,R
0495,City Legend,TV Series,PG
0496,Last Mission,Stand-up Comedy,NC-17
0497,Big Warrior,TV Series,TV-G
0498,Day Dragon,TV Series,TV-G
0499,Family Story,TV Series,TV-Y7
0500,My Journey,TV Series,TV-PG
0501,Hero Dragon,Movie,TV-Y
0502,Love Legend,Stand-up Comedy,TV-Y7
0503,An Dragon,TV Series,R
0504,Princess Queen,TV Series,R
0505,Phoenix Day,Movie,TV-14
0506,Love Dream,TV Series,TV-PG
0507,Old Empire,Movie,PG-13
0508,Last Hero,Movie,PG
0509,Queen House,Movie,PG
0510,Queen Kingdom,Movie,PG
0511,Dragon Princess,Movie,G
0512,An Princess,Stand-up Comedy,NC-17
0513,Night Dragon,Movie,TV-G
0514,Love Love,Movie,TV-Y
0515,Secret House,TV Series,TV-G
0516,Dragon Storm,Documentary,TV-14
0517,Storm Legend,TV Series,TV-MA
0518,A Quest,Movie,G
0519,Quest House,Documentary,TV-PG
0520,Big Queen,TV Series,PG-13
0521,Quest House,Movie,TV-14
0522,Big Warrior,Documentary,TV-G
0523,Mystery War,Movie,G
0524,Kingdom City,Movie,TV-PG
0525,Night Warrior,Movie,TV-PG
0526,Journey Warrior,Stand-up Comedy,TV-14
0527,Hero Story,Movie,TV-Y7
0528,Queen Empire,Movie,TV-G
0529,Legend Warrior,Movie,PG
0530,Night Legend,Documentary,TV-MA
0531,Last Night,Movie,PG
0532,First Phoenix,TV Series,TV-14
0533,First Ice,Stand-up Comedy,TV-14
0534,Big Family,TV Series,PG-13
0535,Last Phoenix,TV Series,R
0536,Bright Hero,TV Series,TV-14
0537,New Story,Movie,PG-13
0538,Storm Dream,Movie,NC-17
0539,Queen Queen,Movie,TV-Y
0540,Warrior Story,Documentary,TV-MA
0541,Princess Love,Documentary,TV-G
0542,Storm Empire,Documentary,TV-Y
0543,War Adventure,TV Series,G
0544,Hero Quest,Movie,TV-PG
0545,Little Mission,Documentary,G
0546,New Queen,Movie,G
0547,Fire Mission,TV Series,PG
0548,Story Hero,Documentary,R
0549,A Adventure,Movie,TV-PG
0550,Dark Ice,Movie,PG-13
0551,Warrior Quest,Movie,R
0552,A Mission,Documentary,TV-14
0553,Mystery City,Documentary,NC-17
0554,Fire Queen,Documentary,NC-17
0555,Ice Phoenix,TV Series,R
0556,Empire Princess,Documentary,TV-Y
0557,Queen Hero,Movie,TV-G
0558,Last Phoenix,TV Series,NC-17
0559,Mystery Dragon,Documentary,TV-Y7
0560,Ice Queen,Stand-up Comedy,TV-Y
0561,Quest Secret,TV Series,R
0562,Legend Queen,Movie,G
0563,Ice Secret,Movie,R
0564,Mystery Mystery,TV Series,NC-17
0565,Dragon Family,Stand-up Comedy,G
0566,A City,Movie,TV-Y
0567,Journey Kingdom,TV Series,PG
0568,Dark Legend,Movie,TV-Y7
0569,Legend King,Documentary,TV-14
0570,Mission Storm,Stand-up Comedy,TV-G
0571,City Princess,Documentary,TV-MA
0572,Dream Secret,TV Series,PG-13
0573,Fire Kingdom,Limited Series,PG
0574,Journey Princess,Limited Series,PG
0575,City Quest,Documentary,NC-17
0576,Love Kingdom,Movie,G
0577,Family House,TV Series,TV-PG
0578,Little Phoenix,TV Series,PG-13
0579,Last Story,Movie,G
0580,Last Love,Stand-up Comedy,PG
0581,Ice Kingdom,Documentary,TV-Y
0582,My Queen,TV Series,TV-Y
0583,Hero Ice,Movie,PG
0584,Family Storm,Documentary,TV-Y
0585,Quest Battle,TV Series,G
0586,A Adventure,Documentary,R
0587,A Quest,Stand-up Comedy,R
0588,Queen Queen,Movie,TV-Y
0589,Family Adventure,Limited Series,TV-Y
0590,Secret City,Documentary,NC-17
0591,City Empire,Limited Series,TV-Y
0592,King Adventure,Movie,TV-G
0593,Queen Dragon,Documentary,TV-14
0594,Journey Day,Movie,PG-13
0595,An Empire,TV Series,PG-13
0596,Phoenix Adventure,Limited Series,TV-G
0597,War Journey,Stand-up Comedy,TV-MA
0598,Queen Quest,Movie,TV-PG
0599,Quest War,Documentary,TV-14
0600,Big Adventure,TV Series,TV-Y
0601,Secret Mission,Documentary,G
0602,Queen Family,Movie,TV-14
0603,Last Kingdom,Movie,TV-14
0604,Empire War,TV Series,TV-MA
0605,An War,Movie,PG
0606,Legend Fire,Movie,NC-17
0607,The War,Documentary,TV-Y7
0608,King Warrior,TV Series,G
0609,Old Family,Limited Series,TV-G
0610,Princess Legend,Documentary,TV-Y7
0611,Big Adventure,Movie,TV-Y7
0612,Kingdom Empire,Movie,TV-Y
0613,Princess Day,Limited Series,TV-Y7
0614,Day Day,Movie,TV-G
0615,An Fire,Movie,PG
0616,First Ice,Documentary,G
0617,Quest War,Movie,PG
0618,First Kingdom,TV Series,NC-17
0619,My Story,Documentary,TV-G
0620,Dark Secret,Movie,TV-Y7
0621,Battle War,TV Series,PG
0622,An Journey,Movie,R
0623,Family Day,Stand-up Comedy,PG
0624,Mystery Mystery,Movie,G
0625,Day Night,Movie,TV-Y
0626,Journey Mystery,Movie,NC-17
0627,Love Legend,Movie,NC-17
0628,Phoenix Story,TV Series,TV-14
0629,Adventure Secret,Documentary,TV-MA
0630,War Secret,Documentary,TV-G
0631,Warrior Kingdom,Movie,TV-PG
0632,Day Dragon,Movie,G
0633,Warrior Ice,TV Series,TV-G
0634,War Phoenix,Stand-up Comedy,TV-MA
0635,Dream Family,TV Series,TV-Y7
0636,Last Mission,Stand-up Comedy,TV-MA
0637,Old Battle,TV Series,TV-MA
0638,Quest Family,TV Series,G
0639,Quest Fire,Limited Series,TV-Y7
0640,Warrior Legend,Movie,TV-MA
0641,First Dream,TV Series,R
0642,Hero Dragon,Limited Series,TV-14
0643,Fire Phoenix,TV Series,TV-Y7
0644,Kingdom Hero,TV Series,NC-17
0645,Last Secret,Stand-up Comedy,TV-G
0646,King Adventure,Movie,TV-MA
0647,Story Journey,Movie,TV-Y7
0648,An Ice,Movie,TV-Y7
0649,King Battle,TV Series,TV-Y7
0650,First Kingdom,Movie,TV-G
0651,Phoenix Day,Movie,R
0652,Our Night,Movie,TV-MA
0653,House Story,Stand-up Comedy,TV-Y
0654,Adventure Legend,Stand-up Comedy,TV-Y
0655,Hero Kingdom,Movie,TV-Y
0656,Phoenix Ice,TV Series,R
0657,Battle Queen,Limited Series,TV-14
0658,Empire Love,TV Series,R
0659,Little Night,TV Series,TV-14
0660,Fire Secret,Movie,PG-13
0661,House Night,Limited Series,NC-17
0662,Bright Family,Movie,TV-MA
0663,Phoenix Legend,Limited Series,G
0664,An Princess,Movie,TV-G
0665,Legend Dragon,Movie,TV-MA
0666,Day City,Documentary,R
0667,Empire Story,Movie,TV-G
0668,Day Journey,Movie,TV-PG
0669,Dark Phoenix,TV Series,PG-13
0670,Phoenix Queen,Documentary,TV-14
0671,War Storm,TV Series,TV-Y
0672,Kingdom Dream,Movie,PG-13
0673,Fire Hero,Documentary,TV-14
0674,Storm Night,TV Series,TV-Y
0675,Phoenix Princess,TV Series,NC-17
0676,Dream Hero,Movie,TV-Y7
0677,Legend Journey,Stand-up Comedy,TV-MA
0678,Secret Legend,Documentary,TV-Y7
0679,Dark Dragon,Documentary,TV-G
0680,Battle Dream,Movie,TV-14
0681,A Family,Stand-up Comedy,PG
0682,Old Queen,Movie,G
0683,Little Dream,Limited Series,TV-Y7
0684,Dragon Mission,Movie,TV-G
0685,Family Mystery,Stand-up Comedy,TV-G
0686,Night Princess,TV Series,TV-14
0687,Adventure Warrior,TV Series,TV-PG
0688,Battle Storm,Movie,TV-Y
0689,City Story,Movie,TV-Y
0690,Secret Family,Documentary,TV-Y
0691,Dream Adventure,Movie,TV-PG
0692,Little Phoenix,Movie,PG-13
0693,Storm Kingdom,Movie,G
0694,Kingdom Day,Movie,PG
0695,Storm Journey,TV Series,PG
0696,House Empire,Limited Series,G
0697,Journey Fire,TV Series,TV-MA
0698,A Adventure,Movie,R
0699,Our King,TV Series,PG
0700,A Secret,Movie,G
0701,Adventure Mission,Limited Series,NC-17
0702,Mystery Legend,Movie,TV-MA
0703,Mystery Legend,Movie,R
0704,Dark Mystery,Movie,PG
0705,House Secret,Stand-up Comedy,PG-13
0706,New City,Movie,TV-PG
0707,Fire Warrior,TV Series,R
0708,My Love,Movie,PG
0709,Kingdom Princess,Movie,TV-PG
0710,Little Warrior,Movie,TV-MA
0711,Empire Kingdom,Movie,G
0712,A Day,Movie,G
0713,Princess Quest,Movie,TV-MA
0714,House Dream,Limited Series,PG
0715,City Mystery,Movie,PG-13
0716,Love Battle,Stand-up Comedy,R
0717,Queen Legend,TV Series,TV-Y
0718,Mystery Dream,TV Series,TV-MA
0719,Warrior Dream,Movie,NC-17
0720,Legend War,Stand-up Comedy,PG-13
0721,Dream Dream,TV Series,TV-Y
0722,Battle Mission,TV Series,TV-MA
0723,House Day,Documentary,TV-MA
0724,War Story,TV Series,NC-17
0725,Old King,Documentary,TV-G
0726,The Mystery,Movie,PG-13
0727,Last Journey,TV Series,TV-Y
0728,Phoenix Day,Stand-up Comedy,TV-Y7
0729,Big Mission,Limited Series,PG-13
0730,Adventure Fire,Documentary,R
0731,House Mission,Movie,TV-Y
0732,Legend Ice,Stand-up Comedy,TV-PG
0733,Story Love,Movie,TV-PG
0734,Queen Warrior,TV Series,TV-Y7
0735,Princess Hero,Documentary,PG
0736,Mystery Legend,Stand-up Comedy,PG
0737,Legend Love,Movie,TV-Y7
0738,Mission Storm,Movie,TV-G
0739,Love Warrior,Movie,NC-17
0740,City Mystery,Movie,PG
0741,Our Love,Movie,G
0742,Battle City,Movie,TV-MA
0743,Phoenix City,Documentary,PG
0744,A Adventure,Stand-up Comedy,G
0745,Warrior Mystery,TV Series,TV-MA
0746,Fire Journey,Movie,TV-MA
0747,Last King,Movie,PG
0748,War Love,Documentary,TV-PG
0749,Queen Princess,TV Series,TV-Y
0750,City Dream,TV Series,TV-Y
0751,City Secret,Movie,TV-MA
0752,House Story,Movie,PG-13
0753,Kingdom Fire,Movie,PG
0754,Kingdom Princess,TV Series,PG-13
0755,Adventure Princess,TV Series,TV-Y7
0756,Dark Day,Documentary,PG
0757,Old Night,Movie,TV-Y
0758,Quest Mystery,Documentary,PG-13
0759,Legend King,Documentary,PG-13
0760,Empire Love,TV Series,TV-Y7
0761,Dragon Day,Movie,PG
0762,A Mystery,Movie,R
0763,My Dragon,Movie,TV-PG
0764,House Day,Documentary,TV-14
0765,War Phoenix,TV Series,TV-Y
0766,Mission Empire,Movie,TV-Y7
0767,Old Fire,Movie,TV-14
0768,Hero Secret,Stand-up Comedy,PG
0769,King Day,Movie,TV-Y7
0770,Kingdom Dream,Limited Series,TV-G
0771,First Quest,Stand-up Comedy,NC-17
0772,The Story,Documentary,PG-13
0773,Dragon Princess,TV Series,G
0774,War Adventure,Movie,TV-PG
0775,An Empire,Movie,TV-Y7
0776,My Quest,TV Series,TV-PG
0777,House Dragon,Movie,TV-Y
0778,Princess House,TV Series,PG-13
0779,New Family,Stand-up Comedy,TV-MA
0780,Dream Warrior,Movie,TV-Y
0781,First House,Documentary,TV-14
0782,Last Princess,Movie,R
0783,Love Journey,Movie,TV-G
0784,Kingdom Kingdom,Movie,G
0785,Dragon Family,TV Series,TV-Y7
0786,War House,Stand-up Comedy,PG-13
0787,An Family,Movie,TV-PG
0788,Day Warrior,Stand-up Comedy,TV-Y7
0789,Adventure Quest,Movie,PG
0790,An Night,Documentary,TV-Y
0791,City Fire,TV Series,PG
0792,Princess King,Movie,TV-PG
0793,Bright Secret,TV Series,TV-Y7
0794,Warrior War,Movie,TV-PG
0795,Big Fire,Movie,TV-Y7
0796,Bright Mystery,Movie,TV-14
0797,Fire Night,TV Series,TV-MA
0798,Queen Adventure,Movie,TV-PG
0799,Fire Secret,TV Series,TV-PG
0800,House Fire,Stand-up Comedy,TV-PG
0801,House Legend,Limited Series,TV-MA
0802,Day Dragon,TV Series,G
0803,Story Mystery,Stand-up Comedy,TV-Y
0804,Battle Queen,Movie,TV-Y
0805,Family Kingdom,Stand-up Comedy,NC-17
0806,Dream Love,TV Series,TV-Y7
0807,Mystery Quest,Movie,TV-G
0808,Ice Storm,TV Series,TV-G
0809,Kingdom Dragon,Stand-up Comedy,TV-14
0810,Love Battle,Movie,TV-Y
0811,Battle King,TV Series,TV-MA
0812,Quest Night,Documentary,R
0813,Secret Night,Movie,TV-Y7
0814,Adventure Legend,TV Series,TV-Y7
0815,Story Battle,Stand-up Comedy,TV-PG
0816,Legend Empire,Stand-up Comedy,PG-13
0817,Story Legend,Stand-up Comedy,TV-G
0818,Our King,Documentary,PG
0819,Night House,Movie,NC-17
0820,Fire Phoenix,TV Series,TV-Y
0821,Hero King,Movie,NC-17
0822,Family Mystery,TV Series,TV-PG
0823,Adventure Ice,Movie,TV-PG
0824,War Queen,Movie,PG-13
0825,Warrior Story,Movie,TV-Y7
0826,Dark Adventure,Stand-up Comedy,TV-Y
0827,Mystery House,Movie,R
0828,My Fire,Movie,PG-13
0829,A Dream,Movie,PG-13
0830,Storm Mystery,Movie,TV-MA
0831,Quest Hero,Documentary,G
0832,Dark Princess,Movie,R
0833,Mystery Mystery,Movie,PG
0834,The Mission,TV Series,TV-14
0835,Bright Ice,Movie,TV-14
0836,Our Legend,Movie,TV-Y7
0837,Princess Adventure,Movie,TV-Y
0838,Adventure Hero,TV Series,TV-14
0839,Journey War,Movie,PG-13
0840,Family Kingdom,Movie,TV-14
0841,Day Mystery,Movie,PG
0842,Storm Mission,Movie,PG
0843,War Fire,Movie,PG-13
0844,Journey Story,Movie,R
0845,Little House,TV Series,TV-MA
0846,Storm Family,Stand-up Comedy,TV-MA
0847,Mystery War,TV Series,NC-17
0848,Dark Fire,Limited Series,NC-17
0849,House King,Movie,TV-MA
0850,Mystery City,Movie,TV-Y
0851,City Battle,Stand-up Comedy,TV-MA
0852,Dream Hero,TV Series,TV-PG
0853,Family Journey,TV Series,TV-Y
0854,Dark House,Movie,PG-13
0855,First Night,Movie,TV-PG
0856,Big King,Movie,R
0857,Day Warrior,Stand-up Comedy,R
0858,Fire Mystery,TV Series,TV-PG
0859,First Mission,Documentary,PG-13
0860,Our Love,Stand-up Comedy,TV-14
0861,Night Journey,Documentary,PG-13
0862,Day Quest,Stand-up Comedy,TV-MA
0863,Fire House,Movie,TV-14
0864,Dragon Hero,Movie,G
0865,Dark Mission,Movie,R
0866,Love King,TV Series,G
0867,Story Legend,Documentary,TV-G
0868,War Empire,TV Series,PG-13
0869,Old City,Movie,G
0870,Little Phoenix,Documentary,TV-PG
0871,Princess City,TV Series,G
0872,Journey Journey,Documentary,NC-17
0873,The City,Movie,NC-17
0874,Family Legend,Limited Series,PG-13
0875,Empire Dragon,Limited Series,NC-17
0876,Mystery War,TV Series,G
0877,Family Dragon,Movie,TV-PG
0878,Mystery Battle,TV Series,TV-Y
0879,Storm Fire,TV Series,TV-Y
0880,My Dragon,Movie,TV-Y7
0881,Adventure Dream,Movie,TV-G
0882,Little Mystery,TV Series,TV-MA
0883,An Mission,TV Series,G
0884,Queen King,Movie,TV-G
0885,Battle Fire,Movie,TV-MA
0886,Empire King,Stand-up Comedy,R
0887,Warrior Phoenix,Movie,G
0888,Adventure Phoenix,Limited Series,PG
0889,Love Princess,Stand-up Comedy,TV-Y
0890,War Fire,Movie,TV-Y7
0891,Ice House,Movie,TV-Y7
0892,Dark Dragon,Documentary,NC-17
0893,Love Mission,Movie,G
0894,Mystery Secret,Movie,NC-17
0895,House War,Movie,TV-PG
0896,Phoenix Hero,Documentary,NC-17
0897,First Storm,Movie,TV-MA
0898,First Family,Movie,TV-14
0899,City Phoenix,Stand-up Comedy,NC-17
0900,Ice Love,Documentary,NC-17
0901,First Hero,TV Series,PG-13
0902,Mystery Ice,TV Series,NC-17
0903,Secret Battle,Stand-up Comedy,TV-14
0904,Battle Mission,Movie,PG-13
0905,Dark Quest,Movie,TV-Y
0906,Mystery Mystery,Movie,PG-13
0907,Phoenix Secret,Limited Series,TV-Y
0908,Love War,Movie,TV-Y
0909,Day Mission,Movie,PG-13
0910,Night Battle,Stand-up Comedy,PG
0911,Bright Dragon,Stand-up Comedy,TV-14
0912,Mission Night,Stand-up Comedy,TV-Y7
0913,Empire Secret,TV Series,TV-G
0914,Love Secret,Movie,R
0915,Journey Adventure,TV Series,PG-13
0916,Adventure Dream,Movie,G
0917,Adventure Ice,Movie,TV-PG
0918,Secret Phoenix,Stand-up Comedy,TV-PG
0919,The War,Movie,TV-Y7
0920,Story Warrior,Movie,R
0921,Phoenix House,Movie,TV-MA
0922,Our Story,Movie,NC-17
0923,Last Phoenix,TV Series,TV-Y7
0924,Fire King,TV Series,PG
0925,Quest Princess,Movie,TV-G
0926,Family Queen,Movie,NC-17
0927,Fire Ice,TV Series,TV-G
0928,Little Dream,TV Series,PG
0929,Fire King,Movie,G
0930,Dark Day,Limited Series,TV-14
0931,Family King,Movie,TV-Y
0932,Hero Empire,Limited Series,NC-17
0933,Princess Family,Movie,TV-PG
0934,Kingdom House,TV Series,TV-G
0935,Day Adventure,Movie,TV-PG
0936,Quest Empire,Movie,G
0937,Journey House,Movie,TV-Y7
0938,Old House,Movie,R
0939,Dragon War,TV Series,TV-Y7
0940,Fire Warrior,Limited Series,TV-PG
0941,A Mystery,Movie,TV-PG
0942,King Legend,Stand-up Comedy,TV-14
0943,Dream Adventure,TV Series,TV-MA
0944,Dark Love,Movie,G
0945,Secret Ice,Documentary,TV-Y7
0946,Quest Warrior,Movie,G
0947,Secret Mission,Movie,PG-13
0948,Little Night,TV Series,TV-Y
0949,Warrior Adventure,Movie,G
0950,War Day,TV Series,TV-14
0951,Big House,TV Series,G
0952,Queen Day,Movie,PG
0953,Bright Love,Documentary,TV-G
0954,Mission Adventure,Movie,PG
0955,Queen Empire,Movie,PG-13
0956,A Love,Stand-up Comedy,G
0957,Storm Love,Documentary,TV-14
0958,Story Warrior,Movie,G
0959,A Dragon,TV Series,R
0960,Quest Quest,TV Series,PG-13
0961,Story Mystery,Movie,TV-Y7
0962,City Ice,TV Series,TV-PG
0963,War Dream,Limited Series,NC-17
0964,Journey Empire,TV Series,TV-Y
0965,Empire Legend,Movie,PG-13
0966,A Adventure,Stand-up Comedy,TV-G
0967,Our Adventure,TV Series,TV-G
0968,First Queen,TV Series,NC-17
0969,Adventure Story,Movie,TV-MA
0970,House King,TV Series,PG
0971,Warrior Empire,TV Series,NC-17
0972,Bright Mystery,Stand-up Comedy,PG-13
0973,Dark Kingdom,TV Series,R
0974,Queen Storm,TV Series,TV-14
0975,Quest War,Movie,TV-MA
0976,Dragon Journey,Movie,G
0977,Little Secret,Movie,TV-PG
0978,City Night,Movie,PG-13
0979,Story Legend,Movie,R
0980,War Battle,TV Series,TV-MA
0981,First Dragon,Movie,TV-14
0982,Storm Dream,Movie,TV-PG
0983,Day Legend,Movie,R
0984,Family Day,Stand-up Comedy,G
0985,Queen Night,Documentary,TV-14
0986,Love Day,TV Series,NC-17
0987,Phoenix Storm,TV Series,TV-Y
0988,Little Journey,Stand-up Comedy,R
0989,Empire Family,Movie,TV-14
0990,Big Quest,Documentary,G
0991,Last Queen,Movie,PG
0992,The Love,Movie,TV-14
0993,Old Phoenix,Stand-up Comedy,PG
0994,Battle Queen,Movie,TV-14
0995,Big Day,Movie,TV-PG
0996,Secret Mission,TV Series,NC-17
0997,House Empire,TV Series,R
0998,Day Legend,Limited Series,TV-14
0999,Ice War,Movie,TV-Y7
1000,Last Night,TV Series,NC-17
0846,Storm Family,Stand-up Comedy,TV-MA
0814,Adventure Legend,TV Series,TV-Y7
0537,New Story,Movie,PG-13
0996,Secret Mission,TV Series,NC-17
0586,A Adventure,Documentary,R
0932,Hero Empire,Limited Series,NC-17
0746,Fire Journey,Movie,TV-MA
0147,Dark Love,Documentary,G
0305,Legend House,Movie,TV-MA
0210,Princess Kingdom,Movie,TV-14
0891,Ice House,Movie,TV-Y7
0206,Big Dragon,TV Series,PG-13
0043,City Queen,Documentary,PG-13
0034,Mission Kingdom,TV Series,TV-PG
0055,Queen Quest,Movie,G
0590,Secret City,Documentary,NC-17
0274,Story Phoenix,Stand-up Comedy,NC-17
0618,First Kingdom,TV Series,NC-17
0468,King Phoenix,TV Series,TV-Y7
0557,Queen Hero,Movie,TV-G
0980,War Battle,TV Series,TV-MA
0964,Journey Empire,TV Series,TV-Y
0088,Journey Love,TV Series,PG-13
0138,Kingdom Fire,Movie,PG
0089,Mystery Day,Movie,TV-Y7
0452,Family Secret,Limited Series,TV-Y7
0788,Day Warrior,Stand-up Comedy,TV-Y7
0383,Day City,TV Series,G
0716,Love Battle,Stand-up Comedy,R
0600,Big Adventure,TV Series,TV-Y
0625,Day Night,Movie,TV-Y
0823,Adventure Ice,Movie,TV-PG
0151,Night Love,Movie,TV-Y
0571,City Princess,Documentary,TV-MA
0035,Princess Love,TV Series,TV-PG
0140,City Empire,Documentary,TV-14
0517,Storm Legend,TV Series,TV-MA
0696,House Empire,Limited Series,G
0056,Big Princess,Movie,TV-Y
0652,Our Night,Movie,TV-MA
